Datetime, Random number
2023-02-10 08:45:59,8
2023-02-10 08:55:28,40
2023-02-10 08:55:58,91
2023-02-10 08:55:59,48
2023-02-10 08:56:00,44
2023-02-10 08:56:01,21
2023-02-10 08:56:02,16
2023-02-10 08:59:21,92
2023-02-10 09:00:10,50
2023-02-10 09:00:11,33
2023-02-10 09:00:12,54
2023-02-10 09:00:13,20
2023-02-10 09:00:14,39
2023-02-10 09:00:15,87
2023-02-10 09:00:16,1
2023-02-10 09:00:17,76
2023-02-10 09:00:18,85
2023-02-10 09:00:19,23
2023-02-10 09:00:20,2
2023-02-10 09:00:21,49
2023-02-10 09:00:22,39
2023-02-10 09:00:23,48
2023-02-10 09:00:25,36
2023-02-10 09:00:26,38
2023-02-10 09:00:27,20
2023-02-10 09:00:51,100
2023-02-10 09:00:52,69
2023-02-10 09:00:53,62
2023-02-10 09:00:54,90
2023-02-10 09:00:55,41
